#Release 14.7 - par P.20131013 (nt64)
#Copyright (c) 1995-2013 Xilinx, Inc.  All rights reserved.

#Sun Apr 23 22:22:08 2017

#
## NOTE: This file is designed to be imported into a spreadsheet program
# such as Microsoft Excel for viewing, printing and sorting. The |
# character is used as the data field separator. This file is also designed
# to support parsing.
#
#INPUT FILE:       alu_map.ncd
#OUTPUT FILE:      alu_pad.csv
#PART TYPE:        xa7a100t
#SPEED GRADE:      -2i
#PACKAGE:          csg324
#
# Pinout by Pin Number:
# 
# -----,-----,-----,-----,-----,-----,-----,-----,-----,-----,-----,-----,-----,-----,-----,
Pin Number,Signal Name,Pin Usage,Pin Name,Direction,IO Standard,IO Bank Number,Drive (mA),Slew Rate,Termination,IOB Delay,Voltage,Constraint,IO Register,Signal Integrity,
A1,inp1<4>,IOB,IO_L9N_T1_DQS_AD7N_35,INPUT,LVCMOS18*,35,,,,NONE,,UNLOCATED,NO,NONE,
A2,,,GND,,,,,,,,,,,,
A3,out<62>,IOB,IO_L8N_T1_AD14N_35,OUTPUT,LVCMOS18*,35,12,SLOW,,,,UNLOCATED,NO,NONE,
A4,inp1<1>,IOB,IO_L8P_T1_AD14P_35,INPUT,LVCMOS18*,35,,,,NONE,,UNLOCATED,NO,NONE,
A5,out<53>,IOB,IO_L3N_T0_DQS_AD5N_35,OUTPUT,LVCMOS18*,35,12,SLOW,,,,UNLOCATED,NO,NONE,
A6,out<54>,IOB,IO_L3P_T0_DQS_AD5P_35,OUTPUT,LVCMOS18*,35,12,SLOW,,,,UNLOCATED,NO,NONE,
A7,,,VCCO_35,,,35,,,,,1.80,,,,
A8,,IOB33S,IO_L12N_T1_MRCC_16,UNUSED,,16,,,,,,,,,
A9,,IOB33S,IO_L14N_T2_SRCC_16,UNUSED,,16,,,,,,,,,
A10,,IOB33M,IO_L14P_T2_SRCC_16,UNUSED,,16,,,,,,,,,
A11,out<8>,IOB,IO_L4N_T0_15,OUTPUT,LVCMOS18*,15,12,SLOW,,,,UNLOCATED,NO,NONE,
A12,,,GND,,,,,,,,,,,,
A13,out<13>,IOB,IO_L9P_T1_DQS_AD3P_15,OUTPUT,LVCMOS18*,15,12,SLOW,,,,UNLOCATED,NO,NONE,
A14,out<31>,IOB,IO_L9N_T1_DQS_AD3N_15,OUTPUT,LVCMOS18*,15,12,SLOW,,,,UNLOCATED,NO,NONE,
A15,out<15>,IOB,IO_L8P_T1_AD10P_15,OUTPUT,LVCMOS18*,15,12,SLOW,,,,UNLOCATED,NO,NONE,
A16,out<16>,IOB,IO_L8N_T1_AD10N_15,OUTPUT,LVCMOS18*,15,12,SLOW,,,,UNLOCATED,NO,NONE,
A17,,,VCCO_15,,,15,,,,,1.80,,,,
A18,out<20>,IOB,IO_L10N_T1_AD11N_15,OUTPUT,LVCMOS18*,15,12,SLOW,,,,UNLOCATED,NO,NONE,
B1,inp1<3>,IOB,IO_L9P_T1_DQS_AD7P_35,INPUT,LVCMOS18*,35,,,,NONE,,UNLOCATED,NO,NONE,
B2,inp1<6>,IOB,IO_L10N_T1_AD15N_35,INPUT,LVCMOS18*,35,,,,NONE,,UNLOCATED,NO,NONE,
B3,inp1<5>,IOB,IO_L10P_T1_AD15P_35,INPUT,LVCMOS18*,35,,,,NONE,,UNLOCATED,NO,NONE,
B4,out<61>,IOB,IO_L7N_T1_AD6N_35,OUTPUT,LVCMOS18*,35,12,SLOW,,,,UNLOCATED,NO,NONE,
B5,,,GND,,,,,,,,,,,,
B6,out<51>,IOB,IO_L2N_T0_AD12N_35,OUTPUT,LVCMOS18*,35,12,SLOW,,,,UNLOCATED,NO,NONE,
B7,out<52>,IOB,IO_L2P_T0_AD12P_35,OUTPUT,LVCMOS18*,35,12,SLOW,,,,UNLOCATED,NO,NONE,
B8,,IOB33M,IO_L12P_T1_MRCC_16,UNUSED,,16,,,,,,,,,
B9,,IOB33S,IO_L11N_T1_SRCC_16,UNUSED,,16,,,,,,,,,
B10,,,VCCO_16,,,16,,,,,any******,,,,
B11,out<7>,IOB,IO_L4P_T0_15,OUTPUT,LVCMOS18*,15,12,SLOW,,,,UNLOCATED,NO,NONE,
B12,out<6>,IOB,IO_L3N_T0_DQS_AD1N_15,OUTPUT,LVCMOS18*,15,12,SLOW,,,,UNLOCATED,NO,NONE,
B13,out<3>,IOB,IO_L2P_T0_AD8P_15,OUTPUT,LVCMOS18*,15,12,SLOW,,,,UNLOCATED,NO,NONE,
B14,out<4>,IOB,IO_L2N_T0_AD8N_15,OUTPUT,LVCMOS18*,15,12,SLOW,,,,UNLOCATED,NO,NONE,
B15,,,GND,,,,,,,,,,,,
B16,out<11>,IOB,IO_L7P_T1_AD2P_15,OUTPUT,LVCMOS18*,15,12,SLOW,,,,UNLOCATED,NO,NONE,
B17,out<14>,IOB,IO_L7N_T1_AD2N_15,OUTPUT,LVCMOS18*,15,12,SLOW,,,,UNLOCATED,NO,NONE,
B18,out<23>,IOB,IO_L10P_T1_AD11P_15,OUTPUT,LVCMOS18*,15,12,SLOW,,,,UNLOCATED,NO,NONE,
C1,out<46>,IOB,IO_L16N_T2_35,OUTPUT,LVCMOS18*,35,12,SLOW,,,,UNLOCATED,NO,NONE,
C2,out<48>,IOB,IO_L16P_T2_35,OUTPUT,LVCMOS18*,35,12,SLOW,,,,UNLOCATED,NO,NONE,
C3,,,VCCO_35,,,35,,,,,1.80,,,,
C4,out<63>,IOB,IO_L7P_T1_AD6P_35,OUTPUT,LVCMOS18*,35,12,SLOW,,,,UNLOCATED,NO,NONE,
C5,out<50>,IOB,IO_L1N_T0_AD4N_35,OUTPUT,LVCMOS18*,35,12,SLOW,,,,UNLOCATED,NO,NONE,
C6,inp1<2>,IOB,IO_L1P_T0_AD4P_35,INPUT,LVCMOS18*,35,,,,NONE,,UNLOCATED,NO,NONE,
C7,out<55>,IOB,IO_L4N_T0_35,OUTPUT,LVCMOS18*,35,12,SLOW,,,,UNLOCATED,NO,NONE,
C8,,,GND,,,,,,,,,,,,
C9,,IOB33M,IO_L11P_T1_SRCC_16,UNUSED,,16,,,,,,,,,
C10,,IOB33S,IO_L13N_T2_MRCC_16,UNUSED,,16,,,,,,,,,
C11,,IOB33M,IO_L13P_T2_MRCC_16,UNUSED,,16,,,,,,,,,
C12,out<5>,IOB,IO_L3P_T0_DQS_AD1P_15,OUTPUT,LVCMOS18*,15,12,SLOW,,,,UNLOCATED,NO,NONE,
C13,,,VCCO_15,,,15,,,,,1.80,,,,
C14,out<2>,IOB,IO_L1N_T0_AD0N_15,OUTPUT,LVCMOS18*,15,12,SLOW,,,,UNLOCATED,NO,NONE,
C15,out<17>,IOB,IO_L12N_T1_MRCC_15,OUTPUT,LVCMOS18*,15,12,SLOW,,,,UNLOCATED,NO,NONE,
C16,out<39>,IOB,IO_L20P_T3_A20_15,OUTPUT,LVCMOS18*,15,12,SLOW,,,,UNLOCATED,NO,NONE,
C17,out<34>,IOB,IO_L20N_T3_A19_15,OUTPUT,LVCMOS18*,15,12,SLOW,,,,UNLOCATED,NO,NONE,
C18,,,GND,,,,,,,,,,,,
D1,,,GND,,,,,,,,,,,,
D2,inp1<13>,IOB,IO_L14N_T2_SRCC_35,INPUT,LVCMOS18*,35,,,,NONE,,UNLOCATED,NO,NONE,
D3,out<49>,IOB,IO_L12N_T1_MRCC_35,OUTPUT,LVCMOS18*,35,12,SLOW,,,,UNLOCATED,NO,NONE,
D4,inp1<7>,IOB,IO_L11N_T1_SRCC_35,INPUT,LVCMOS18*,35,,,,NONE,,UNLOCATED,NO,NONE,
D5,c,IOB,IO_L11P_T1_SRCC_35,INPUT,LVCMOS18*,35,,,,NONE,,UNLOCATED,NO,NONE,
D6,,,VCCO_35,,,35,,,,,1.80,,,,
D7,out<59>,IOB,IO_L6N_T0_VREF_35,OUTPUT,LVCMOS18*,35,12,SLOW,,,,UNLOCATED,NO,NONE,
D8,out<56>,IOB,IO_L4P_T0_35,OUTPUT,LVCMOS18*,35,12,SLOW,,,,UNLOCATED,NO,NONE,
D9,,IOB33S,IO_L6N_T0_VREF_16,UNUSED,,16,,,,,,,,,
D10,,IOB33S,IO_L19N_T3_VREF_16,UNUSED,,16,,,,,,,,,
D11,,,GND,,,,,,,,,,,,
D12,out<9>,IOB,IO_L6P_T0_15,OUTPUT,LVCMOS18*,15,12,SLOW,,,,UNLOCATED,NO,NONE,
D13,out<12>,IOB,IO_L6N_T0_VREF_15,OUTPUT,LVCMOS18*,15,12,SLOW,,,,UNLOCATED,NO,NONE,
D14,out<1>,IOB,IO_L1P_T0_AD0P_15,OUTPUT,LVCMOS18*,15,12,SLOW,,,,UNLOCATED,NO,NONE,
D15,out<29>,IOB,IO_L12P_T1_MRCC_15,OUTPUT,LVCMOS18*,15,12,SLOW,,,,UNLOCATED,NO,NONE,
D16,,,VCCO_15,,,15,,,,,1.80,,,,
D17,out<32>,IOB,IO_L16N_T2_A27_15,OUTPUT,LVCMOS18*,15,12,SLOW,,,,UNLOCATED,NO,NONE,
D18,inp1<20>,IOB,IO_L21N_T3_DQS_A18_15,INPUT,LVCMOS18*,15,,,,NONE,,UNLOCATED,NO,NONE,
E1,out<42>,IOB,IO_L18N_T2_35,OUTPUT,LVCMOS18*,35,12,SLOW,,,,UNLOCATED,NO,NONE,
E2,inp1<8>,IOB,IO_L14P_T2_SRCC_35,INPUT,LVCMOS18*,35,,,,NONE,,UNLOCATED,NO,NONE,
E3,check,IOB,IO_L12P_T1_MRCC_35,OUTPUT,LVCMOS18*,35,12,SLOW,,,,UNLOCATED,NO,NONE,
E4,,,GND,,,,,,,,,,,,
E5,out<57>,IOB,IO_L5N_T0_AD13N_35,OUTPUT,LVCMOS18*,35,12,SLOW,,,,UNLOCATED,NO,NONE,
E6,out<58>,IOB,IO_L5P_T0_AD13P_35,OUTPUT,LVCMOS18*,35,12,SLOW,,,,UNLOCATED,NO,NONE,
E7,out<60>,IOB,IO_L6P_T0_35,OUTPUT,LVCMOS18*,35,12,SLOW,,,,UNLOCATED,NO,NONE,
E8,,,VCCBATT_0,,,,,,,,,,,,
E9,,,CCLK_0,,,,,,,,,,,,
E10,,,TCK_0,,,,,,,,,,,,
E11,,,TDI_0,,,,,,,,,,,,
E12,,,TMS_0,,,,,,,,,,,,
E13,,,TDO_0,,,,,,,,,,,,
E14,,,GND,,,,,,,,,,,,
E15,out<18>,IOB,IO_L11P_T1_SRCC_15,OUTPUT,LVCMOS18*,15,12,SLOW,,,,UNLOCATED,NO,NONE,
E16,out<30>,IOB,IO_L11N_T1_SRCC_15,OUTPUT,LVCMOS18*,15,12,SLOW,,,,UNLOCATED,NO,NONE,
E17,out<28>,IOB,IO_L16P_T2_A28_15,OUTPUT,LVCMOS18*,15,12,SLOW,,,,UNLOCATED,NO,NONE,
E18,out<40>,IOB,IO_L21P_T3_DQS_15,OUTPUT,LVCMOS18*,15,12,SLOW,,,,UNLOCATED,NO,NONE,
F1,inp1<17>,IOB,IO_L18P_T2_35,INPUT,LVCMOS18*,35,,,,NONE,,UNLOCATED,NO,NONE,
F2,,,VCCO_35,,,35,,,,,1.80,,,,
F3,inp1<11>,IOB,IO_L13N_T2_MRCC_35,INPUT,LVCMOS18*,35,,,,NONE,,UNLOCATED,NO,NONE,
F4,inp1<9>,IOB,IO_L13P_T2_MRCC_35,INPUT,LVCMOS18*,35,,,,NONE,,UNLOCATED,NO,NONE,
F5,inp1<0>,IOB,IO_0_35,INPUT,LVCMOS18*,35,,,,NONE,,UNLOCATED,NO,NONE,
F6,inp1<16>,IOB,IO_L19N_T3_VREF_35,INPUT,LVCMOS18*,35,,,,NONE,,UNLOCATED,NO,NONE,
F7,,,GND,,,,,,,,,,,,
F8,,,VCCINT,,,,,,,,1.0,,,,
F9,,,GND,,,,,,,,,,,,
F10,,,VCCBRAM,,,,,,,,,,,,
F11,,,GND,,,,,,,,,,,,
F12,,,VCCAUX,,,,,,,,1.8,,,,
F13,out<24>,IOB,IO_L5P_T0_AD9P_15,OUTPUT,LVCMOS18*,15,12,SLOW,,,,UNLOCATED,NO,NONE,
F14,out<10>,IOB,IO_L5N_T0_AD9N_15,OUTPUT,LVCMOS18*,15,12,SLOW,,,,UNLOCATED,NO,NONE,
F15,out<19>,IOB,IO_L14P_T2_SRCC_15,OUTPUT,LVCMOS18*,15,12,SLOW,,,,UNLOCATED,NO,NONE,
F16,out<21>,IOB,IO_L14N_T2_SRCC_15,OUTPUT,LVCMOS18*,15,12,SLOW,,,,UNLOCATED,NO,NONE,
F17,,,GND,,,,,,,,,,,,
F18,out<37>,IOB,IO_L22N_T3_A16_15,OUTPUT,LVCMOS18*,15,12,SLOW,,,,UNLOCATED,NO,NONE,
G1,inp1<21>,IOB,IO_L17N_T2_35,INPUT,LVCMOS18*,35,,,,NONE,,UNLOCATED,NO,NONE,
G2,inp1<15>,IOB,IO_L15N_T2_DQS_35,INPUT,LVCMOS18*,35,,,,NONE,,UNLOCATED,NO,NONE,
G3,out<36>,IOB,IO_L20N_T3_35,OUTPUT,LVCMOS18*,35,12,SLOW,,,,UNLOCATED,NO,NONE,
G4,out<33>,IOB,IO_L20P_T3_35,OUTPUT,LVCMOS18*,35,12,SLOW,,,,UNLOCATED,NO,NONE,
G5,,,VCCO_35,,,35,,,,,1.80,,,,
G6,sel<3>,IOB,IO_L19P_T3_35,INPUT,LVCMOS18*,35,,,,NONE,,UNLOCATED,NO,NONE,
G7,,,VCCINT,,,,,,,,1.0,,,,
G8,,,GND,,,,,,,,,,,,
G9,,,VCCINT,,,,,,,,1.0,,,,
G10,,,GND,,,,,,,,,,,,
G11,,,VCCBRAM,,,,,,,,,,,,
G12,,,GND,,,,,,,,,,,,
G13,out<0>,IOB,IO_0_15,OUTPUT,LVCMOS18*,15,12,SLOW,,,,UNLOCATED,NO,NONE,
G14,out<22>,IOB,IO_L15N_T2_DQS_ADV_B_15,OUTPUT,LVCMOS18*,15,12,SLOW,,,,UNLOCATED,NO,NONE,
G15,,,VCCO_15,,,15,,,,,1.80,,,,
G16,out<26>,IOB,IO_L13N_T2_MRCC_15,OUTPUT,LVCMOS18*,15,12,SLOW,,,,UNLOCATED,NO,NONE,
G17,out<45>,IOB,IO_L18N_T2_A23_15,OUTPUT,LVCMOS18*,15,12,SLOW,,,,UNLOCATED,NO,NONE,
G18,out<35>,IOB,IO_L22P_T3_A17_15,OUTPUT,LVCMOS18*,15,12,SLOW,,,,UNLOCATED,NO,NONE,
H1,inp1<14>,IOB,IO_L17P_T2_35,INPUT,LVCMOS18*,35,,,,NONE,,UNLOCATED,NO,NONE,
H2,inp1<10>,IOB,IO_L15P_T2_DQS_35,INPUT,LVCMOS18*,35,,,,NONE,,UNLOCATED,NO,NONE,
H3,,,GND,,,,,,,,,,,,
H4,inp1<27>,IOB,IO_L21N_T3_DQS_35,INPUT,LVCMOS18*,35,,,,NONE,,UNLOCATED,NO,NONE,
H5,inp1<26>,IOB,IO_L24N_T3_35,INPUT,LVCMOS18*,35,,,,NONE,,UNLOCATED,NO,NONE,
H6,sel<0>,IOB,IO_L24P_T3_35,INPUT,LVCMOS18*,35,,,,NONE,,UNLOCATED,NO,NONE,
H7,,,GND,,,,,,,,,,,,
H8,,,VCCINT,,,,,,,,1.0,,,,
H9,,,GNDADC_0,,,,,,,,,,,,
H10,,,VCCADC_0,,,,,,,,,,,,
H11,,,GND,,,,,,,,,,,,
H12,,,VCCAUX,,,,,,,,1.8,,,,
H13,,,GND,,,,,,,,,,,,
H14,out<25>,IOB,IO_L15P_T2_DQS_15,OUTPUT,LVCMOS18*,15,12,SLOW,,,,UNLOCATED,NO,NONE,
H15,out<43>,IOB,IO_L19N_T3_A21_VREF_15,OUTPUT,LVCMOS18*,15,12,SLOW,,,,UNLOCATED,NO,NONE,
H16,out<27>,IOB,IO_L13P_T2_MRCC_15,OUTPUT,LVCMOS18*,15,12,SLOW,,,,UNLOCATED,NO,NONE,
H17,out<41>,IOB,IO_L18P_T2_A24_15,OUTPUT,LVCMOS18*,15,12,SLOW,,,,UNLOCATED,NO,NONE,
H18,,,VCCO_15,,,15,,,,,1.80,,,,
J1,,,VCCO_35,,,35,,,,,1.80,,,,
J2,inp1<22>,IOB,IO_L22N_T3_35,INPUT,LVCMOS18*,35,,,,NONE,,UNLOCATED,NO,NONE,
J3,inp1<25>,IOB,IO_L22P_T3_35,INPUT,LVCMOS18*,35,,,,NONE,,UNLOCATED,NO,NONE,
J4,inp1<19>,IOB,IO_L21P_T3_DQS_35,INPUT,LVCMOS18*,35,,,,NONE,,UNLOCATED,NO,NONE,
J5,inp1<28>,IOB,IO_25_35,INPUT,LVCMOS18*,35,,,,NONE,,UNLOCATED,NO,NONE,
J6,,,GND,,,,,,,,,,,,
J7,,,VCCINT,,,,,,,,1.0,,,,
J8,,,GND,,,,,,,,,,,,
J9,,,VREFN_0,,,,,,,,,,,,
J10,,IPAD,VP_0,UNUSED,,0,,,,,,,,,
J11,,,VCCINT,,,,,,,,1.0,,,,
J12,,,GND,,,,,,,,,,,,
J13,inp1<12>,IOB,IO_L17N_T2_A25_15,INPUT,LVCMOS18*,15,,,,NONE,,UNLOCATED,NO,NONE,
J14,out<44>,IOB,IO_L19P_T3_A22_15,OUTPUT,LVCMOS18*,15,12,SLOW,,,,UNLOCATED,NO,NONE,
J15,sel<1>,IOB,IO_L24N_T3_RS0_15,INPUT,LVCMOS18*,15,,,,NONE,,UNLOCATED,NO,NONE,
J16,,,GND,,,,,,,,,,,,
J17,out<38>,IOB,IO_L23P_T3_FOE_B_15,OUTPUT,LVCMOS18*,15,12,SLOW,,,,UNLOCATED,NO,NONE,
J18,inp1<31>,IOB,IO_L23N_T3_FWE_B_15,INPUT,LVCMOS18*,15,,,,NONE,,UNLOCATED,NO,NONE,
K1,sel<2>,IOB,IO_L23N_T3_35,INPUT,LVCMOS18*,35,,,,NONE,,UNLOCATED,NO,NONE,
K2,inp1<23>,IOB,IO_L23P_T3_35,INPUT,LVCMOS18*,35,,,,NONE,,UNLOCATED,NO,NONE,
K3,inp2<1>,IOB,IO_L2P_T0_34,INPUT,LVCMOS18*,34,,,,NONE,,UNLOCATED,NO,NONE,
K4,,,VCCO_34,,,34,,,,,1.80,,,,
K5,inp2<7>,IOB,IO_L5P_T0_34,INPUT,LVCMOS18*,34,,,,NONE,,UNLOCATED,NO,NONE,
K6,inp1<30>,IOB,IO_0_34,INPUT,LVCMOS18*,34,,,,NONE,,UNLOCATED,NO,NONE,
K7,,,GND,,,,,,,,,,,,
K8,,,VCCINT,,,,,,,,1.0,,,,
K9,,IPAD,VN_0,UNUSED,,0,,,,,,,,,
K10,,,VREFP_0,,,,,,,,,,,,
K11,,,GND,,,,,,,,,,,,
K12,,,VCCAUX,,,,,,,,1.8,,,,
K13,inp1<18>,IOB,IO_L17P_T2_A26_15,INPUT,LVCMOS18*,15,,,,NONE,,UNLOCATED,NO,NONE,
K14,,,VCCO_15,,,15,,,,,1.80,,,,
K15,out<47>,IOB,IO_L24P_T3_RS1_15,OUTPUT,LVCMOS18*,15,12,SLOW,,,,UNLOCATED,NO,NONE,
K16,inp1<24>,IOB,IO_25_15,INPUT,LVCMOS18*,15,,,,NONE,,UNLOCATED,NO,NONE,
K17,,IOB33M,IO_L1P_T0_D00_MOSI_14,UNUSED,,14,,,,,,,,,
K18,,IOB33S,IO_L1N_T0_D01_DIN_14,UNUSED,,14,,,,,,,,,
L1,inp1<29>,IOB,IO_L1P_T0_34,INPUT,LVCMOS18*,34,,,,NONE,,UNLOCATED,NO,NONE,
L2,,,GND,,,,,,,,,,,,
L3,inp2<2>,IOB,IO_L2N_T0_34,INPUT,LVCMOS18*,34,,,,NONE,,UNLOCATED,NO,NONE,
L4,inp2<8>,IOB,IO_L5N_T0_34,INPUT,LVCMOS18*,34,,,,NONE,,UNLOCATED,NO,NONE,
L5,inp2<10>,IOB,IO_L6N_T0_VREF_34,INPUT,LVCMOS18*,34,,,,NONE,,UNLOCATED,NO,NONE,
L6,inp2<29>,IOB,IO_L6P_T0_34,INPUT,LVCMOS18*,34,,,,NONE,,UNLOCATED,NO,NONE,
L7,,,VCCINT,,,,,,,,1.0,,,,
L8,,,GND,,,,,,,,,,,,
L9,,,DXN_0,,,,,,,,,,,,
L10,,,DXP_0,,,,,,,,,,,,
L11,,,VCCINT,,,,,,,,1.0,,,,
L12,,,GND,,,,,,,,,,,,
L13,,IOB33M,IO_L6P_T0_FCS_B_14,UNUSED,,14,,,,,,,,,
L14,,IOB33M,IO_L2P_T0_D02_14,UNUSED,,14,,,,,,,,,
L15,,IOB33M,IO_L3P_T0_DQS_PUDC_B_14,UNUSED,,14,,,,,,,,,
L16,,IOB33S,IO_L3N_T0_DQS_EMCCLK_14,UNUSED,,14,,,,,,,,,
L17,,,VCCO_14,,,14,,,,,any******,,,,
L18,,IOB33M,IO_L4P_T0_D04_14,UNUSED,,14,,,,,,,,,
M1,inp2<0>,IOB,IO_L1N_T0_34,INPUT,LVCMOS18*,34,,,,NONE,,UNLOCATED,NO,NONE,
M2,inp2<6>,IOB,IO_L4N_T0_34,INPUT,LVCMOS18*,34,,,,NONE,,UNLOCATED,NO,NONE,
M3,inp2<3>,IOB,IO_L4P_T0_34,INPUT,LVCMOS18*,34,,,,NONE,,UNLOCATED,NO,NONE,
M4,inp2<17>,IOB,IO_L16P_T2_34,INPUT,LVCMOS18*,34,,,,NONE,,UNLOCATED,NO,NONE,
M5,,,GND,,,,,,,,,,,,
M6,,IOB33M,IO_L18P_T2_34,UNUSED,,34,,,,,,,,,
M7,,,GND,,,,,,,,,,,,
M8,,,VCCINT,,,,,,,,1.0,,,,
M9,,,GND,,,,,,,,,,,,
M10,,,VCCINT,,,,,,,,1.0,,,,
M11,,,GND,,,,,,,,,,,,
M12,,,VCCAUX,,,,,,,,1.8,,,,
M13,,IOB33S,IO_L6N_T0_D08_VREF_14,UNUSED,,14,,,,,,,,,
M14,,IOB33S,IO_L2N_T0_D03_14,UNUSED,,14,,,,,,,,,
M15,,,GND,,,,,,,,,,,,
M16,,IOB33M,IO_L10P_T1_D14_14,UNUSED,,14,,,,,,,,,
M17,,IOB33S,IO_L10N_T1_D15_14,UNUSED,,14,,,,,,,,,
M18,,IOB33S,IO_L4N_T0_D05_14,UNUSED,,14,,,,,,,,,
N1,inp2<4>,IOB,IO_L3N_T0_DQS_34,INPUT,LVCMOS18*,34,,,,NONE,,UNLOCATED,NO,NONE,
N2,inp2<30>,IOB,IO_L3P_T0_DQS_34,INPUT,LVCMOS18*,34,,,,NONE,,UNLOCATED,NO,NONE,
N3,,,VCCO_34,,,34,,,,,1.80,,,,
N4,inp2<15>,IOB,IO_L16N_T2_34,INPUT,LVCMOS18*,34,,,,NONE,,UNLOCATED,NO,NONE,
N5,inp2<19>,IOB,IO_L13P_T2_MRCC_34,INPUT,LVCMOS18*,34,,,,NONE,,UNLOCATED,NO,NONE,
N6,,IOB33S,IO_L18N_T2_34,UNUSED,,34,,,,,,,,,
N7,,,VCCINT,,,,,,,,1.0,,,,
N8,,,GND,,,,,,,,,,,,
N9,,,VCCINT,,,,,,,,1.0,,,,
N10,,,GND,,,,,,,,,,,,
N11,,,VCCINT,,,,,,,,1.0,,,,
N12,,,GND,,,,,,,,,,,,
N13,,,VCCO_14,,,14,,,,,any******,,,,
N14,,IOB33M,IO_L8P_T1_D11_14,UNUSED,,14,,,,,,,,,
N15,,IOB33M,IO_L11P_T1_SRCC_14,UNUSED,,14,,,,,,,,,
N16,,IOB33S,IO_L11N_T1_SRCC_14,UNUSED,,14,,,,,,,,,
N17,,IOB33M,IO_L9P_T1_DQS_14,UNUSED,,14,,,,,,,,,
N18,,,GND,,,,,,,,,,,,
P1,,,GND,,,,,,,,,,,,
P2,inp2<21>,IOB,IO_L15P_T2_DQS_34,INPUT,LVCMOS18*,34,,,,NONE,,UNLOCATED,NO,NONE,
P3,inp2<16>,IOB,IO_L14N_T2_SRCC_34,INPUT,LVCMOS18*,34,,,,NONE,,UNLOCATED,NO,NONE,
P4,inp2<18>,IOB,IO_L14P_T2_SRCC_34,INPUT,LVCMOS18*,34,,,,NONE,,UNLOCATED,NO,NONE,
P5,inp2<20>,IOB,IO_L13N_T2_MRCC_34,INPUT,LVCMOS18*,34,,,,NONE,,UNLOCATED,NO,NONE,
P6,,,VCCO_34,,,34,,,,,1.80,,,,
P7,,,INIT_B_0,,,,,,,,,,,,
P8,,,CFGBVS_0,,,,,,,,,,,,
P9,,,PROGRAM_B_0,,,,,,,,,,,,
P10,,,DONE_0,,,,,,,,,,,,
P11,,,M2_0,,,,,,,,,,,,
P12,,,M0_0,,,,,,,,,,,,
P13,,,M1_0,,,,,,,,,,,,
P14,,IOB33S,IO_L8N_T1_D12_14,UNUSED,,14,,,,,,,,,
P15,,IOB33M,IO_L13P_T2_MRCC_14,UNUSED,,14,,,,,,,,,
P16,,,VCCO_14,,,14,,,,,any******,,,,
P17,,IOB33M,IO_L12P_T1_MRCC_14,UNUSED,,14,,,,,,,,,
P18,,IOB33S,IO_L9N_T1_DQS_D13_14,UNUSED,,14,,,,,,,,,
R1,inp2<31>,IOB,IO_L17P_T2_34,INPUT,LVCMOS18*,34,,,,NONE,,UNLOCATED,NO,NONE,
R2,inp2<13>,IOB,IO_L15N_T2_DQS_34,INPUT,LVCMOS18*,34,,,,NONE,,UNLOCATED,NO,NONE,
R3,inp2<23>,IOB,IO_L11P_T1_SRCC_34,INPUT,LVCMOS18*,34,,,,NONE,,UNLOCATED,NO,NONE,
R4,,,GND,,,,,,,,,,,,
R5,,IOB33S,IO_L19N_T3_VREF_34,UNUSED,,34,,,,,,,,,
R6,,IOB33M,IO_L19P_T3_34,UNUSED,,34,,,,,,,,,
R7,,IOB33M,IO_L23P_T3_34,UNUSED,,34,,,,,,,,,
R8,,IOB33M,IO_L24P_T3_34,UNUSED,,34,,,,,,,,,
R9,,,VCCO_0,,,0,,,,,any******,,,,
R10,,IOB33,IO_25_14,UNUSED,,14,,,,,,,,,
R11,,IOB33,IO_0_14,UNUSED,,14,,,,,,,,,
R12,,IOB33M,IO_L5P_T0_D06_14,UNUSED,,14,,,,,,,,,
R13,,IOB33S,IO_L5N_T0_D07_14,UNUSED,,14,,,,,,,,,
R14,,,GND,,,,,,,,,,,,
R15,,IOB33S,IO_L13N_T2_MRCC_14,UNUSED,,14,,,,,,,,,
R16,,IOB33M,IO_L15P_T2_DQS_RDWR_B_14,UNUSED,,14,,,,,,,,,
R17,,IOB33S,IO_L12N_T1_MRCC_14,UNUSED,,14,,,,,,,,,
R18,,IOB33M,IO_L7P_T1_D09_14,UNUSED,,14,,,,,,,,,
T1,,IOB33S,IO_L17N_T2_34,UNUSED,,34,,,,,,,,,
T2,,,VCCO_34,,,34,,,,,1.80,,,,
T3,inp2<9>,IOB,IO_L11N_T1_SRCC_34,INPUT,LVCMOS18*,34,,,,NONE,,UNLOCATED,NO,NONE,
T4,inp2<22>,IOB,IO_L12N_T1_MRCC_34,INPUT,LVCMOS18*,34,,,,NONE,,UNLOCATED,NO,NONE,
T5,inp2<24>,IOB,IO_L12P_T1_MRCC_34,INPUT,LVCMOS18*,34,,,,NONE,,UNLOCATED,NO,NONE,
T6,,IOB33S,IO_L23N_T3_34,UNUSED,,34,,,,,,,,,
T7,,,GND,,,,,,,,,,,,
T8,,IOB33S,IO_L24N_T3_34,UNUSED,,34,,,,,,,,,
T9,,IOB33M,IO_L24P_T3_A01_D17_14,UNUSED,,14,,,,,,,,,
T10,,IOB33S,IO_L24N_T3_A00_D16_14,UNUSED,,14,,,,,,,,,
T11,,IOB33M,IO_L19P_T3_A10_D26_14,UNUSED,,14,,,,,,,,,
T12,,,VCCO_14,,,14,,,,,any******,,,,
T13,,IOB33M,IO_L23P_T3_A03_D19_14,UNUSED,,14,,,,,,,,,
T14,,IOB33M,IO_L14P_T2_SRCC_14,UNUSED,,14,,,,,,,,,
T15,,IOB33S,IO_L14N_T2_SRCC_14,UNUSED,,14,,,,,,,,,
T16,,IOB33S,IO_L15N_T2_DQS_DOUT_CSO_B_14,UNUSED,,14,,,,,,,,,
T17,,,GND,,,,,,,,,,,,
T18,,IOB33S,IO_L7N_T1_D10_14,UNUSED,,14,,,,,,,,,
U1,inp2<11>,IOB,IO_L7P_T1_34,INPUT,LVCMOS18*,34,,,,NONE,,UNLOCATED,NO,NONE,
U2,inp2<28>,IOB,IO_L9P_T1_DQS_34,INPUT,LVCMOS18*,34,,,,NONE,,UNLOCATED,NO,NONE,
U3,inp2<14>,IOB,IO_L8N_T1_34,INPUT,LVCMOS18*,34,,,,NONE,,UNLOCATED,NO,NONE,
U4,inp2<27>,IOB,IO_L8P_T1_34,INPUT,LVCMOS18*,34,,,,NONE,,UNLOCATED,NO,NONE,
U5,,,VCCO_34,,,34,,,,,1.80,,,,
U6,,IOB33S,IO_L22N_T3_34,UNUSED,,34,,,,,,,,,
U7,,IOB33M,IO_L22P_T3_34,UNUSED,,34,,,,,,,,,
U8,,IOB33,IO_25_34,UNUSED,,34,,,,,,,,,
U9,,IOB33M,IO_L21P_T3_DQS_34,UNUSED,,34,,,,,,,,,
U10,,,GND,,,,,,,,,,,,
U11,,IOB33S,IO_L19N_T3_A09_D25_VREF_14,UNUSED,,14,,,,,,,,,
U12,,IOB33M,IO_L20P_T3_A08_D24_14,UNUSED,,14,,,,,,,,,
U13,,IOB33S,IO_L23N_T3_A02_D18_14,UNUSED,,14,,,,,,,,,
U14,,IOB33M,IO_L22P_T3_A05_D21_14,UNUSED,,14,,,,,,,,,
U15,,,VCCO_14,,,14,,,,,any******,,,,
U16,,IOB33M,IO_L18P_T2_A12_D28_14,UNUSED,,14,,,,,,,,,
U17,,IOB33M,IO_L17P_T2_A14_D30_14,UNUSED,,14,,,,,,,,,
U18,,IOB33S,IO_L17N_T2_A13_D29_14,UNUSED,,14,,,,,,,,,
V1,inp2<12>,IOB,IO_L7N_T1_34,INPUT,LVCMOS18*,34,,,,NONE,,UNLOCATED,NO,NONE,
V2,inp2<5>,IOB,IO_L9N_T1_DQS_34,INPUT,LVCMOS18*,34,,,,NONE,,UNLOCATED,NO,NONE,
V3,,,GND,,,,,,,,,,,,
V4,inp2<25>,IOB,IO_L10N_T1_34,INPUT,LVCMOS18*,34,,,,NONE,,UNLOCATED,NO,NONE,
V5,inp2<26>,IOB,IO_L10P_T1_34,INPUT,LVCMOS18*,34,,,,NONE,,UNLOCATED,NO,NONE,
V6,,IOB33S,IO_L20N_T3_34,UNUSED,,34,,,,,,,,,
V7,,IOB33M,IO_L20P_T3_34,UNUSED,,34,,,,,,,,,
V8,,,VCCO_34,,,34,,,,,1.80,,,,
V9,,IOB33S,IO_L21N_T3_DQS_34,UNUSED,,34,,,,,,,,,
V10,,IOB33M,IO_L21P_T3_DQS_14,UNUSED,,14,,,,,,,,,
V11,,IOB33S,IO_L21N_T3_DQS_A06_D22_14,UNUSED,,14,,,,,,,,,
V12,,IOB33S,IO_L20N_T3_A07_D23_14,UNUSED,,14,,,,,,,,,
V13,,,GND,,,,,,,,,,,,
V14,,IOB33S,IO_L22N_T3_A04_D20_14,UNUSED,,14,,,,,,,,,
V15,,IOB33M,IO_L16P_T2_CSI_B_14,UNUSED,,14,,,,,,,,,
V16,,IOB33S,IO_L16N_T2_A15_D31_14,UNUSED,,14,,,,,,,,,
V17,,IOB33S,IO_L18N_T2_A11_D27_14,UNUSED,,14,,,,,,,,,
V18,,,VCCO_14,,,14,,,,,any******,,,,

# -----,-----,-----,-----,-----,-----,-----,-----,-----,-----,-----,-----,-----,-----,-----,
# 
#* Default value.
#** This default Pullup/Pulldown value can be overridden in Bitgen. 
#All RSVD_0 pins must be tied to GROUND.
#****** Special VCCO requirements may apply. Please consult the device 
#       family datasheet for specific guideline on VCCO requirements. 
#
#
#